Run	Number_correct	Number_incorrect	Accuracy	root_mean_squared_error	mean_squared_error	num_true_pos	num_true_neg	num_false_pos	num_false_neg
0	11102.0	1637.0	0.8714969777847554	0.08335490133855748	0.08335490133855748	706.0	11543.0	12.0	478.0
1	22198.0	3280.0	0.8712614804929744	0.08334440262138128	0.08334440262138128	1412.0	23086.0	24.0	956.0
2	33285.0	4932.0	0.8709474841039329	0.08333532742092332	0.08333532742092332	2118.0	34629.0	36.0	1434.0
3	44390.0	6566.0	0.8711437318470837	0.08326671997442052	0.08326671997442052	2824.0	46172.0	48.0	1912.0
4	55489.0	8206.0	0.8711672815762619	0.08330793061573143	0.08330793061573143	3530.0	57715.0	60.0	2390.0
