Run	Number_correct	Number_incorrect	Accuracy	root_mean_squared_error	mean_squared_error
0	7.0	7.0	0.5	0.6152009608430583	0.6152009608430583	6.0	1.0	4.0	3.0
1	14.0	14.0	0.5	0.6212861386999528	0.6212861386999528	12.0	2.0	8.0	6.0
2	24.0	18.0	0.5714285714285714	0.5843779976126736	0.5843779976126736	20.0	4.0	11.0	7.0
3	30.0	26.0	0.5357142857142857	0.6041746460350834	0.6041746460350834	26.0	4.0	16.0	10.0
4	39.0	31.0	0.5571428571428572	0.5946869384056177	0.5946869384056177	33.0	6.0	19.0	12.0
