Run	Number_correct	Number_incorrect	Accuracy	root_mean_squared_error	mean_squared_error	num_true_pos	num_true_neg	num_false_pos	num_false_neg
0	6.0	8.0	0.42857142857142855	0.6512960217416562	0.6512960217416562	6.0	0.0	5.0	3.0
1	12.0	16.0	0.42857142857142855	0.654049125017768	0.654049125017768	12.0	0.0	10.0	6.0
2	19.0	23.0	0.4523809523809524	0.6457546034961794	0.6457546034961794	19.0	0.0	15.0	8.0
3	26.0	30.0	0.4642857142857143	0.646314888774273	0.646314888774273	25.0	1.0	19.0	11.0
4	32.0	38.0	0.45714285714285713	0.6492423661070974	0.6492423661070974	31.0	1.0	24.0	14.0
