Analysis name	Run	Number_correct	Number_incorrect	Accuracy	root_mean_squared_error	mean_squared_error	num_true_pos	num_true_neg	num_false_pos	num_false_neg	AUC
TESTTEST	0	11102.0	1637.0	0.8714969777847554	0.08319198965167049	0.08319198965167049	706.0	11543.0	12.0	478.0	0.9453485898815301
TESTTEST	1	22199.0	3279.0	0.8713007300416046	0.08332075921983069	0.08332075921983069	1412.0	23086.0	24.0	956.0	0.9445998938683383
TESTTEST	2	33291.0	4926.0	0.8711044822984536	0.08328957814387276	0.08328957814387276	2118.0	34629.0	36.0	1434.0	0.9447147317698485
TESTTEST	3	44384.0	6572.0	0.8710259832011932	0.08329698310049058	0.08329698310049058	2824.0	46172.0	48.0	1912.0	0.9447585363076999
TESTTEST	4	55488.0	8207.0	0.8711515817568098	0.08328099476570534	0.08328099476570534	3530.0	57715.0	60.0	2390.0	0.9448103064661373
